{
    "loss": 0.6613197326660156,
    "accuracy": 0.5179855823516846
}