{
    "loss": 0.522179365158081,
    "accuracy": 0.8992805480957031
}