{
    "loss": 4.409366607666016,
    "accuracy": 0.6115108132362366
}